#{"t_start": 1518616015.469703, "gym_version": "0.9.4", "env_id": "BreakoutNoFrameskip-v4"}
r,l,t
5.0,330,112.258989
0.0,129,152.937553
0.0,129,193.83053
