#{"t_start": 1518616015.4533827, "gym_version": "0.9.4", "env_id": "BreakoutNoFrameskip-v4"}
r,l,t
0.0,129,40.222475
4.0,301,142.392594
1.0,175,199.88458
