#{"t_start": 1518616015.617082, "gym_version": "0.9.4", "env_id": "BreakoutNoFrameskip-v4"}
r,l,t
1.0,157,50.572249
0.0,129,90.806498
0.0,127,131.561615
0.0,129,172.016598
