#{"t_start": 1518616015.5877151, "gym_version": "0.9.4", "env_id": "BreakoutNoFrameskip-v4"}
r,l,t
1.0,175,57.462456
0.0,129,97.80827
1.0,157,147.745479
