#{"t_start": 1518616015.5885146, "gym_version": "0.9.4", "env_id": "BreakoutNoFrameskip-v4"}
r,l,t
0.0,127,39.905941
2.0,199,105.036897
1.0,173,161.61351
