#{"t_start": 1518616015.4892154, "gym_version": "0.9.4", "env_id": "BreakoutNoFrameskip-v4"}
r,l,t
1.0,175,57.562809
2.0,204,124.645491
1.0,173,179.711545
