#{"t_start": 1518616015.5773532, "gym_version": "0.9.4", "env_id": "BreakoutNoFrameskip-v4"}
r,l,t
2.0,200,66.279559
1.0,157,115.976828
3.0,248,199.767745
