#{"t_start": 1518616015.52965, "gym_version": "0.9.4", "env_id": "BreakoutNoFrameskip-v4"}
r,l,t
0.0,123,38.252634
1.0,151,87.208546
1.0,172,142.481942
