#{"t_start": 1518616015.0786972, "gym_version": "0.9.4", "env_id": "BreakoutNoFrameskip-v4"}
r,l,t
1.0,175,57.968074
0.0,127,96.699608
0.0,129,137.605376
