#{"t_start": 1518616015.4420595, "gym_version": "0.9.4", "env_id": "BreakoutNoFrameskip-v4"}
r,l,t
2.0,205,68.193602
3.0,252,151.4321
0.0,127,192.089903
