#{"t_start": 1518616015.5667362, "gym_version": "0.9.4", "env_id": "BreakoutNoFrameskip-v4"}
r,l,t
0.0,129,40.114267
1.0,157,90.853689
3.0,268,181.161193
